Date,Message
"2025-09-04T07:53:45Z","Update commit.yml"
"2025-09-04T07:56:25Z","Create test2.txt"
"2025-09-04T07:55:12Z","Merge branch 'main' of https://github.com/Ossi-1337/template-github-workflow"
"2025-09-04T07:55:05Z","Update test-commit.txt"
"2025-09-04T08:44:21Z","Merge branch 'main' of https://github.com/Ossi-1337/template-github-workflow"
"2025-09-04T08:44:13Z","update"
"2025-09-05T13:50:01Z","Create test3.txt"
"2025-09-05T13:49:22Z","Update commit.yml"
"2025-09-05T14:04:08Z","update"
"2025-09-05T13:57:26Z","Update commit.yml"
"2025-09-05T13:51:53Z","Update commit.csv"
"2025-09-05T14:11:29Z","update"
"2025-09-05T14:09:28Z","Merge branch 'main' of https://github.com/Ossi-1337/template-github-workflow"
"2025-09-05T14:09:19Z","Update README.md"
"2025-09-05T14:09:17Z","Update commit-graph.py"
"2025-09-05T14:22:28Z","Update github-action-metrics.yml"
"2025-09-05T14:20:31Z","Merge branch 'main' of https://github.com/Ossi-1337/template-github-workflow"
"2025-09-05T14:20:25Z","Create github-action-metrics.yml"
"2025-09-05T14:20:06Z","Update commit.yml"
